Workbook

Sheet 통합보장 분석(전)
A1: VIP 고객님 통합보장 분석
A3: 생년월일 | C3: ="보험나이 "&DATEDIF(EDATE($A$4,-6),$F$6,"y")&"세" -> 보험나이 35세
A4: 33302 | C4: =EDATE($A$4,6) -> 33486
A6: 구 분 | C6: 회 사 명 | E6: Total | F6: =TODAY() -> 46207
C7: 보 험 종 류
A8: 계 약 | C8: 계 약 일
C9: 납 입 기 간
C10: 보 험 기 간
C11: 월보험료(원) | E11: =SUM(G11:P11) -> 0
C12: 갱신 예상보험료 | E12: =SUM(G12:P12) -> 0
C13: 총납입보험료 | E13: =SUM(G13:P13) -> 0
C14: 납입완료 | E14: =SUM(G14:P14) -> 0
C15: 납입예정 | E15: =SUM(G15:P15) -> 0
A16: 실손의료비 | C16: 질병 입원의료비 | E16: =SUM(G16:P16) -> 0
C17: 질병 통원의료비 | E17: =SUM(G17:P17) -> 0
C18: 상해 입원의료비 | E18: =SUM(G18:P18) -> 0
C19: 상해 통원의료비 | E19: =SUM(G19:P19) -> 0
A23: 3대 질병 | B23: 암 | C23: 고액암 | E23: =E24+E25+E26+E27+SUM(G23:P23) -> 0
C24: 일반암 | E24: =SUM(G24:P24) -> 0
C25: 일반암(소액·대장점막제외) | E25: =SUM(G25:P25) -> 0
C26: 일반암(소액암제외) | E26: =SUM(G26:P26) -> 0
C27: 중대한암 | E27: =SUM(G27:P27) -> 0
C28: 소액암(생식기암) | E28: =SUM(G28:P28) -> 0
C29: 소액암 | E29: =SUM(G29:P29) -> 0
C30: 수술비 | E30: =SUM(G30:P30) -> 0
C31: 항암치료/표적/중입자 | E31: =SUM(G31:P31) -> 0
C32: 암주요치료비 | E32: =SUM(G32:P32) -> 0
C33: 입원일당 | E33: =SUM(G33:P33) -> 0
B34: 심장 | C34: 심혈관 | E34: =SUM(G34:P34) -> 0
C35: 허혈성심장질환 | E35: =SUM(G35:P35) -> 0
C36: 급성심근경색 | E36: =E35+SUM(G36:P36) -> 0
C37: 중대한급성심근경색 | E37: =E36+SUM(G37:P37) -> 0
C38: 수술비 | E38: =SUM(G38:P38) -> 0
C39: 치료비 | E39: =SUM(G39:P39) -> 0
C40: 입원일당 | E40: =SUM(G40:P40) -> 0
B41: 뇌 | C41: 뇌혈관 | E41: =SUM(G41:P41) -> 0
C42: 뇌졸중 | E42: =E41+SUM(G42:P42) -> 0
C43: 뇌출혈 | E43: =E42+SUM(G43:P43) -> 0
C44: 중대한뇌졸중 | E44: =E43+SUM(G44:K44) -> 0
C45: 수술비 | E45: =SUM(G45:P45) -> 0
C46: 치료비 | E46: =SUM(G46:P46) -> 0
C47: 입원일당 | E47: =SUM(G47:P47) -> 0
A49: 수술비 | B49: 상해 | C49: 수술비 | E49: =SUM(G49:P49) -> 0
C50: 1~3종수술비 | E50: =SUM(G50:P50) -> 0
C51: 1~5종수술비 | E51: =SUM(G51:P51) -> 0
C52: 1~7종수술비 | E52: =SUM(G52:P52) -> 0
B53: 질병 | C53: 수술비 | E53: =SUM(G53:P53) -> 0
C54: 1~3종수술비 | E54: =SUM(G54:P54) -> 0
C55: 1~5종수술비 | E55: =SUM(G55:P55) -> 0
C56: 1~7종수술비 | E56: =SUM(G56:P56) -> 0
C57: 대수술비 | E57: =SUM(G57:P57) -> 0
A58: 입원비 | B58: 상 해 입 원 | E58: =SUM(G58:P58) -> 0
B59: 질 병 입 원 | E59: =SUM(G59:P59) -> 0
A61: 상해 | B61: 골절진단비 | E61: =SUM(G61:P61) -> 0
B62: 5대 골절진단비 | E62: =SUM(G62:P62) -> 0
B63: 화상치료비 | E63: =SUM(G63:P63) -> 0
B64: 깁스치료비 | E64: =SUM(G64:P64) -> 0
A65: 일상생활중배상책임 | E65: =SUM(G65:P65) -> 0
A66: 후유 장해 | B66: 상해후유장해 | E66: =SUM(G66:P66) -> 0
B67: 질병후유장해 | E67: =SUM(G67:P67) -> 0
A69: 사망 | B69: 일 반 사 망 | E69: =SUM(G69:P69) -> 0
B70: └ 종 신 사 망 | E70: =SUM(G70:P70) -> 0
B71: └ 정 기 사 망 | E71: =SUM(G71:P71) -> 0
B72: 질 병 사 망 | E72: =E69+SUM(G72:P72) -> 0
B73: 상 해 사 망 | E73: =E69+SUM(G73:P73) -> 0
A75: 운전자 | B75: 벌금 | E75: =SUM(G75:P75) -> 0 | F75: =E75+SUMIF(#REF!,#REF!, H75:P75) -> #REF!
B76: 변호사선임비용 | E76: =SUM(G76:P76) -> 0
B77: 교통사고처리지원금 | E77: =SUM(G77:P77) -> 0
B78: 자동차부상치료비 | E78: =SUM(G78:P78) -> 0
A80: 화재 | B80: 화재벌금 | E80: =SUM(G80:P80) -> 0 | F80: =E80+SUMIF(#REF!,#REF!, H80:P80) -> #REF!
B81: 화재손해 | E81: =SUM(G81:P81) -> 0
B82: 화재배상책임 | E82: =SUM(G82:P82) -> 0
A84: 치매 | B84: 경증치매 | E84: =SUM(G84:P84) -> 0 | F84: =E84+SUMIF(#REF!,#REF!, H84:P84) -> #REF!
B85: 중등도치매 | E85: =E84+SUM(G85:P85) -> 0
B86: 중증치매 | E86: =E85+SUM(G86:K86) -> 0
A88: 장기요양 | B88: 경증등급(1~5급) | E88: =SUM(G88:P88) -> 0 | F88: =E88+SUMIF(#REF!,#REF!, H88:P88) -> #REF!
B89: 중증등급(1~2급) | E89: =E88+SUM(G89:P89) -> 0

Sheet 통합보장 분석(후)
A1: ='통합보장 분석(전)'!A1:L1 -> VIP 고객님 통합보장 분석
A2: 생년월일 | C2: ="보험나이 "&DATEDIF(EDATE($A$3,-6),$I$4,"y")&"세" -> 보험나이 35세
A3: ='통합보장 분석(전)'!A4:B4 -> 33302 | C3: =EDATE($A$3,6) -> 33486
I4: =TODAY() -> 46207 | T4: 전 | U4: 후 | V4: 해지 | W4: 변경 | X4: 변경/해지
A5: 구 분 | C5: 회 사 명 | E5: Total(전) | F5: → | G5: Total(후) | H5: 증감
C6: 보 험 종 류 | H6: =G6-E6 -> 0
A7: 계 약 | C7: 계 약 일 | H7: =G7-E7 -> 0
C8: 납 입 기 간 | H8: =G8-E8 -> 0
C9: 보 험 기 간 | H9: =G9-E9 -> 0
C10: 월보험료(원) | E10: =SUMIF($J$4:$S$4,$T$4, J10:U10)+SUMIF($J$4:$S$4, $V$4, J10:U10)+SUMIF($J$4:$S$4, $X$4, J10:U10) -> 0 | G10: =E10+SUMIF($J$4:$S$4,$U$4, J10:S10)-SUMIF($J$4:$S$4, $V$4, J10:S10)+SUMIF($J$4:$S$4,$W$4, J10:S10)-SUMIF($J$4:$S$4, $X$4, J10:S10) -> 0 | H10: =G10-E10 -> 0
C11: 갱신 예상보험료 | E11: =SUMIF($J$4:$S$4,$T$4, J11:U11)+SUMIF($J$4:$S$4, $V$4, J11:U11)+SUMIF($J$4:$S$4, $X$4, J11:U11) -> 0 | G11: =E11+SUMIF($J$4:$S$4,$U$4, J11:S11)-SUMIF($J$4:$S$4, $V$4, J11:S11)+SUMIF($J$4:$S$4,$W$4, J11:S11)-SUMIF($J$4:$S$4, $X$4, J11:S11) -> 0 | H11: =G11-E11 -> 0
C12: 총납입보험료 | E12: =SUMIF($J$4:$S$4,$T$4, J12:U12)+SUMIF($J$4:$S$4, $V$4, J12:U12)+SUMIF($J$4:$S$4, $X$4, J12:U12) -> 0 | G12: =E12+SUMIF($J$4:$S$4,$U$4, J12:S12)-SUMIF($J$4:$S$4, $V$4, J12:S12)+SUMIF($J$4:$S$4,$W$4, J12:S12)-SUMIF($J$4:$S$4, $X$4, J12:S12) -> 0 | H12: =G12-E12 -> 0
C13: 납입완료 | E13: =SUMIF($J$4:$S$4,$T$4, J13:U13)+SUMIF($J$4:$S$4, $V$4, J13:U13)+SUMIF($J$4:$S$4, $X$4, J13:U13) -> 0 | G13: =E13+SUMIF($J$4:$S$4,$U$4, J13:S13)-SUMIF($J$4:$S$4, $V$4, J13:S13)+SUMIF($J$4:$S$4,$W$4, J13:S13)-SUMIF($J$4:$S$4, $X$4, J13:S13) -> 0
C14: 납입예정 | E14: =SUMIF($J$4:$S$4,$T$4, J14:U14)+SUMIF($J$4:$S$4, $V$4, J14:U14)+SUMIF($J$4:$S$4, $X$4, J14:U14) -> 0 | G14: =E14+SUMIF($J$4:$S$4,$U$4, J14:S14)-SUMIF($J$4:$S$4, $V$4, J14:S14)+SUMIF($J$4:$S$4,$W$4, J14:S14)-SUMIF($J$4:$S$4, $X$4, J14:S14) -> 0
A15: 실손의료비 | C15: 질병 입원의료비 | E15: =SUMIF($J$4:$S$4,$T$4, J15:U15)+SUMIF($J$4:$S$4, $V$4, J15:U15)+SUMIF($J$4:$S$4, $X$4, J15:U15) -> 0 | G15: =E15+SUMIF($J$4:$S$4,$U$4, J15:S15)-SUMIF($J$4:$S$4, $V$4, J15:S15)+SUMIF($J$4:$S$4,$W$4, J15:S15)-SUMIF($J$4:$S$4, $X$4, J15:S15) -> 0 | H15: =G15-E15 -> 0
C16: 질병 통원의료비 | E16: =SUMIF($J$4:$S$4,$T$4, J16:U16)+SUMIF($J$4:$S$4, $V$4, J16:U16)+SUMIF($J$4:$S$4, $X$4, J16:U16) -> 0 | G16: =E16+SUMIF($J$4:$S$4,$U$4, J16:S16)-SUMIF($J$4:$S$4, $V$4, J16:S16)+SUMIF($J$4:$S$4,$W$4, J16:S16)-SUMIF($J$4:$S$4, $X$4, J16:S16) -> 0 | H16: =G16-E16 -> 0
C17: 상해 입원의료비 | E17: =SUMIF($J$4:$S$4,$T$4, J17:U17)+SUMIF($J$4:$S$4, $V$4, J17:U17)+SUMIF($J$4:$S$4, $X$4, J17:U17) -> 0 | G17: =E17+SUMIF($J$4:$S$4,$U$4, J17:S17)-SUMIF($J$4:$S$4, $V$4, J17:S17)+SUMIF($J$4:$S$4,$W$4, J17:S17)-SUMIF($J$4:$S$4, $X$4, J17:S17) -> 0 | H17: =G17-E17 -> 0
C18: 상해 통원의료비 | E18: =SUMIF($J$4:$S$4,$T$4, J18:U18)+SUMIF($J$4:$S$4, $V$4, J18:U18)+SUMIF($J$4:$S$4, $X$4, J18:U18) -> 0 | G18: =E18+SUMIF($J$4:$S$4,$U$4, J18:S18)-SUMIF($J$4:$S$4, $V$4, J18:S18)+SUMIF($J$4:$S$4,$W$4, J18:S18)-SUMIF($J$4:$S$4, $X$4, J18:S18) -> 0 | H18: =G18-E18 -> 0
A22: 3대 질병 | B22: 암 | C22: 고액암 | E22: =E23+E24+E25+E26+SUMIF($J$4:$S$4,$T$4, J22:U22)+SUMIF($J$4:$S$4, $V$4, J22:U22)+SUMIF($J$4:$S$4, $X$4, J22:U22) -> 0 | F22: → | G22: =E22+SUMIF($J$4:$S$4,$U$4, J22:S22)+SUMIF($J$4:$S$4,$U$4, J23:S23)-SUMIF($J$4:$S$4, $V$4, J22:S22)-SUMIF($J$4:$S$4, $V$4, J23:S23)+SUMIF($J$4:$S$4,$W$4, J22:S22)+SUMIF($J$4:$S$4,$W$4, J23:S23)+SUMIF($J$4:$S$4,$U$4, J24:S24)-SUMIF($J$4:$S$4, $V$4, J24:S24)+SUMIF($J$4:$S$4,$W$4, J24:S24)+SUMIF($J$4:$S$4,$U$4, J25:S25)-SUMIF($J$4:$S$4, $V$4, J25:S25)+SUMIF($J$4:$S$4,$W$4, J25:S25)+SUMIF($J$4:$S$4,$U$4, J26:S26)-SUMIF($J$4:$S$4, $V$4, J26:S26)+SUMIF($J$4:$S$4,$W$4, J26:S26)-SUMIF($J$4:$S$4, $X$4, J22:S22)-SUMIF($J$4:$S$4, $X$4, J23:S23)-SUMIF($J$4:$S$4, $X$4, J24:S24)-SUMIF($J$4:$S$4, $X$4, J25:S25)-SUMIF($J$4:$S$4, $X$4, J26:S26) -> 0 | H22: =G22-E22 -> 0
C23: 일반암 | E23: =SUMIF($J$4:$S$4,$T$4, J23:U23)+SUMIF($J$4:$S$4, $V$4, J23:U23)+SUMIF($J$4:$S$4, $X$4, J23:U23) -> 0 | G23: =E23+SUMIF($J$4:$S$4,$U$4, J23:S23)-SUMIF($J$4:$S$4, $V$4, J23:S23)+SUMIF($J$4:$S$4,$W$4, J23:S23)-SUMIF($J$4:$S$4, $X$4, J23:S23) -> 0 | H23: =G23-E23 -> 0
C24: 일반암(소액·대장점막제외) | E24: =SUMIF($J$4:$S$4,$T$4, J24:U24)+SUMIF($J$4:$S$4, $V$4, J24:U24)+SUMIF($J$4:$S$4, $X$4, J24:U24) -> 0 | G24: =E24+SUMIF($J$4:$S$4,$U$4, J24:S24)-SUMIF($J$4:$S$4, $V$4, J24:S24)+SUMIF($J$4:$S$4,$W$4, J24:S24)-SUMIF($J$4:$S$4, $X$4, J24:S24) -> 0 | H24: =G24-E24 -> 0
C25: 일반암(소액암제외) | E25: =SUMIF($J$4:$S$4,$T$4, J25:U25)+SUMIF($J$4:$S$4, $V$4, J25:U25)+SUMIF($J$4:$S$4, $X$4, J25:U25) -> 0 | G25: =E25+SUMIF($J$4:$S$4,$U$4, J25:S25)-SUMIF($J$4:$S$4, $V$4, J25:S25)+SUMIF($J$4:$S$4,$W$4, J25:S25)-SUMIF($J$4:$S$4, $X$4, J25:S25) -> 0 | H25: =G25-E25 -> 0
C26: 중대한암 | E26: =SUMIF($J$4:$S$4,$T$4, J26:U26)+SUMIF($J$4:$S$4, $V$4, J26:U26)+SUMIF($J$4:$S$4, $X$4, J26:U26) -> 0 | G26: =E26+SUMIF($J$4:$S$4,$U$4, J26:S26)-SUMIF($J$4:$S$4, $V$4, J26:S26)+SUMIF($J$4:$S$4,$W$4, J26:S26)-SUMIF($J$4:$S$4, $X$4, J26:S26) -> 0 | H26: =G26-E26 -> 0
C27: 소액암(생식기암) | E27: =SUMIF($J$4:$S$4,$T$4, J27:U27)+SUMIF($J$4:$S$4, $V$4, J27:U27)+SUMIF($J$4:$S$4, $X$4, J27:U27) -> 0 | G27: =E27+SUMIF($J$4:$S$4,$U$4, J27:S27)-SUMIF($J$4:$S$4, $V$4, J27:S27)+SUMIF($J$4:$S$4,$W$4, J27:S27)-SUMIF($J$4:$S$4, $X$4, J27:S27) -> 0 | H27: =G27-E27 -> 0
C28: 소액암 | E28: =SUMIF($J$4:$S$4,$T$4, J28:U28)+SUMIF($J$4:$S$4, $V$4, J28:U28)+SUMIF($J$4:$S$4, $X$4, J28:U28) -> 0 | G28: =E28+SUMIF($J$4:$S$4,$U$4, J28:S28)-SUMIF($J$4:$S$4, $V$4, J28:S28)+SUMIF($J$4:$S$4,$W$4, J28:S28)-SUMIF($J$4:$S$4, $X$4, J28:S28) -> 0 | H28: =G28-E28 -> 0
C29: 수술비 | E29: =SUMIF($J$4:$S$4,$T$4, J29:U29)+SUMIF($J$4:$S$4, $V$4, J29:U29)+SUMIF($J$4:$S$4, $X$4, J29:U29) -> 0 | G29: =E29+SUMIF($J$4:$S$4,$U$4, J29:S29)-SUMIF($J$4:$S$4, $V$4, J29:S29)+SUMIF($J$4:$S$4,$W$4, J29:S29)-SUMIF($J$4:$S$4, $X$4, J29:S29) -> 0 | H29: =G29-E29 -> 0
C30: 항암치료/표적/중입자 | E30: =SUMIF($J$4:$S$4,$T$4, J30:U30)+SUMIF($J$4:$S$4, $V$4, J30:U30)+SUMIF($J$4:$S$4, $X$4, J30:U30) -> 0 | G30: =E30+SUMIF($J$4:$S$4,$U$4, J30:S30)-SUMIF($J$4:$S$4, $V$4, J30:S30)+SUMIF($J$4:$S$4,$W$4, J30:S30)-SUMIF($J$4:$S$4, $X$4, J30:S30) -> 0 | H30: =G30-E30 -> 0
C31: 암주요치료비 | E31: =SUMIF($J$4:$S$4,$T$4, J31:U31)+SUMIF($J$4:$S$4, $V$4, J31:U31)+SUMIF($J$4:$S$4, $X$4, J31:U31) -> 0 | G31: =E31+SUMIF($J$4:$S$4,$U$4, J31:S31)-SUMIF($J$4:$S$4, $V$4, J31:S31)+SUMIF($J$4:$S$4,$W$4, J31:S31)-SUMIF($J$4:$S$4, $X$4, J31:S31) -> 0 | H31: =G31-E31 -> 0
C32: 입원일당 | E32: =SUMIF($J$4:$S$4,$T$4, J32:U32)+SUMIF($J$4:$S$4, $V$4, J32:U32)+SUMIF($J$4:$S$4, $X$4, J32:U32) -> 0 | G32: =E32+SUMIF($J$4:$S$4,$U$4, J32:S32)-SUMIF($J$4:$S$4, $V$4, J32:S32)+SUMIF($J$4:$S$4,$W$4, J32:S32)-SUMIF($J$4:$S$4, $X$4, J32:S32) -> 0 | H32: =G32-E32 -> 0
B33: 심장 | C33: 심혈관 | E33: =SUMIF($J$4:$S$4,$T$4, J33:U33)+SUMIF($J$4:$S$4, $V$4, J33:U33)+SUMIF($J$4:$S$4, $X$4, J33:U33) -> 0 | G33: =E33+SUMIF($J$4:$S$4,$U$4, J33:S33)-SUMIF($J$4:$S$4, $V$4, J33:S33)+SUMIF($J$4:$S$4,$W$4, J33:S33)-SUMIF($J$4:$S$4, $X$4, J33:S33) -> 0 | H33: =G33-E33 -> 0
C34: 허혈성심장질환 | E34: =SUMIF($J$4:$S$4,$T$4, J34:U34)+SUMIF($J$4:$S$4, $V$4, J34:U34)+SUMIF($J$4:$S$4, $X$4, J34:U34) -> 0 | G34: =E34+SUMIF($J$4:$S$4,$U$4, J34:S34)-SUMIF($J$4:$S$4, $V$4, J34:S34)+SUMIF($J$4:$S$4,$W$4, J34:S34)-SUMIF($J$4:$S$4, $X$4, J34:S34) -> 0 | H34: =G34-E34 -> 0
C35: 급성심근경색 | E35: =E34+SUMIF($J$4:$S$4,$T$4, J35:U35)+SUMIF($J$4:$S$4, $V$4, J35:U35)+SUMIF($J$4:$S$4, $X$4, J35:U35) -> 0 | G35: =E35+SUMIF($J$4:$S$4,$U$4, J35:S35)+SUMIF($J$4:$S$4,$U$4, J34:S34)-SUMIF($J$4:$S$4, $V$4, J35:S35)-SUMIF($J$4:$S$4, $V$4, J34:S34)+SUMIF($J$4:$S$4,$W$4, J35:S35)+SUMIF($J$4:$S$4,$W$4, J34:S34)-SUMIF($J$4:$S$4, $X$4, J35:S35)-SUMIF($J$4:$S$4, $X$4, J34:S34) -> 0 | H35: =G35-E35 -> 0
C36: 중대한급성심근경색 | E36: =E35+SUMIF($J$4:$S$4,$T$4, J36:U36)+SUMIF($J$4:$S$4, $V$4, J36:U36)+SUMIF($J$4:$S$4, $X$4, J36:U36) -> 0 | G36: =E36+SUMIF($J$4:$S$4,$U$4, J36:S36)+SUMIF($J$4:$S$4,$U$4, J35:S35)+SUMIF($J$4:$S$4,$U$4, J34:S34)-SUMIF($J$4:$S$4, $V$4, J36:S36)-SUMIF($J$4:$S$4, $V$4, J35:S35)-SUMIF($J$4:$S$4, $V$4, J34:S34)+SUMIF($J$4:$S$4,$W$4, J36:S36)+SUMIF($J$4:$S$4,$W$4, J35:S35)+SUMIF($J$4:$S$4,$W$4, J34:S34)-SUMIF($J$4:$S$4, $X$4, J36:S36)-SUMIF($J$4:$S$4, $X$4, J35:S35)-SUMIF($J$4:$S$4, $X$4, J34:S34) -> 0 | H36: =G36-E36 -> 0
C37: 수술비 | E37: =SUMIF($J$4:$S$4,$T$4, J37:U37)+SUMIF($J$4:$S$4, $V$4, J37:U37)+SUMIF($J$4:$S$4, $X$4, J37:U37) -> 0 | G37: =E37+SUMIF($J$4:$S$4,$U$4, J37:S37)-SUMIF($J$4:$S$4, $V$4, J37:S37)+SUMIF($J$4:$S$4,$W$4, J37:S37)-SUMIF($J$4:$S$4, $X$4, J37:S37) -> 0 | H37: =G37-E37 -> 0
C38: 치료비 | E38: =SUMIF($J$4:$S$4,$T$4, J38:U38)+SUMIF($J$4:$S$4, $V$4, J38:U38)+SUMIF($J$4:$S$4, $X$4, J38:U38) -> 0 | G38: =E38+SUMIF($J$4:$S$4,$U$4, J38:S38)-SUMIF($J$4:$S$4, $V$4, J38:S38)+SUMIF($J$4:$S$4,$W$4, J38:S38)-SUMIF($J$4:$S$4, $X$4, J38:S38) -> 0 | H38: =G38-E38 -> 0
C39: 입원일당 | E39: =SUMIF($J$4:$S$4,$T$4, J39:U39)+SUMIF($J$4:$S$4, $V$4, J39:U39)+SUMIF($J$4:$S$4, $X$4, J39:U39) -> 0 | G39: =E39+SUMIF($J$4:$S$4,$U$4, J39:S39)-SUMIF($J$4:$S$4, $V$4, J39:S39)+SUMIF($J$4:$S$4,$W$4, J39:S39)-SUMIF($J$4:$S$4, $X$4, J39:S39) -> 0 | H39: =G39-E39 -> 0
B40: 뇌 | C40: 뇌혈관 | E40: =SUMIF($J$4:$S$4,$T$4, J40:U40)+SUMIF($J$4:$S$4, $V$4, J40:U40)+SUMIF($J$4:$S$4, $X$4, J40:U40) -> 0 | G40: =E40+SUMIF($J$4:$S$4,$U$4, J40:S40)-SUMIF($J$4:$S$4, $V$4, J40:S40)+SUMIF($J$4:$S$4,$W$4, J40:S40)-SUMIF($J$4:$S$4, $X$4, J40:S40) -> 0 | H40: =G40-E40 -> 0
C41: 뇌졸중 | E41: =E40+SUMIF($J$4:$S$4,$T$4, J41:U41)+SUMIF($J$4:$S$4, $V$4, J41:U41)+SUMIF($J$4:$S$4, $X$4, J41:U41) -> 0 | G41: =E41+SUMIF($J$4:$S$4,$U$4, J41:S41)+SUMIF($J$4:$S$4,$U$4, J40:S40)-SUMIF($J$4:$S$4, $V$4, J41:S41)-SUMIF($J$4:$S$4, $V$4, J40:S40)+SUMIF($J$4:$S$4,$W$4, J41:S41)+SUMIF($J$4:$S$4,$W$4, J40:S40)-SUMIF($J$4:$S$4, $X$4, J41:S41)-SUMIF($J$4:$S$4, $X$4, J40:S40) -> 0 | H41: =G41-E41 -> 0
C42: 뇌출혈 | E42: =E41+SUMIF($J$4:$S$4,$T$4, J42:U42)+SUMIF($J$4:$S$4, $V$4, J42:U42)+SUMIF($J$4:$S$4, $X$4, J42:U42) -> 0 | G42: =E42+SUMIF($J$4:$S$4,$U$4, J42:S42)+SUMIF($J$4:$S$4,$U$4, J41:S41)+SUMIF($J$4:$S$4,$U$4, J40:S40)-SUMIF($J$4:$S$4, $V$4, J42:S42)-SUMIF($J$4:$S$4, $V$4, J41:S41)-SUMIF($J$4:$S$4, $V$4, J40:S40)+SUMIF($J$4:$S$4,$W$4, J42:S42)+SUMIF($J$4:$S$4,$W$4, J41:S41)+SUMIF($J$4:$S$4,$W$4, J40:S40)-SUMIF($J$4:$S$4, $X$4, J42:S42)-SUMIF($J$4:$S$4, $X$4, J41:S41)-SUMIF($J$4:$S$4, $X$4, J40:S40) -> 0 | H42: =G42-E42 -> 0
C43: 중대한뇌졸중 | E43: =E42+SUMIF($J$4:$S$4,$T$4, J43:U43)+SUMIF($J$4:$S$4, $V$4, J43:U43)+SUMIF($J$4:$S$4, $X$4, J43:U43) -> 0 | G43: =E43+SUMIF($J$4:$S$4,$U$4, J43:S43)+SUMIF($J$4:$S$4,$U$4, J42:S42)+SUMIF($J$4:$S$4,$U$4, J41:S41)+SUMIF($J$4:$S$4,$U$4, J40:S40)-SUMIF($J$4:$S$4, $V$4, J43:S43)-SUMIF($J$4:$S$4, $V$4, J42:S42)-SUMIF($J$4:$S$4, $V$4, J41:S41)-SUMIF($J$4:$S$4, $V$4, J40:S40)+SUMIF($J$4:$S$4,$W$4, J43:S43)+SUMIF($J$4:$S$4,$W$4, J42:S42)+SUMIF($J$4:$S$4,$W$4, J41:S41)+SUMIF($J$4:$S$4,$W$4, J40:S40)-SUMIF($J$4:$S$4, $X$4, J43:S43)-SUMIF($J$4:$S$4, $X$4, J42:S42)-SUMIF($J$4:$S$4, $X$4, J41:S41)-SUMIF($J$4:$S$4, $X$4, J40:S40) -> 0 | H43: =G43-E43 -> 0
C44: 수술비 | E44: =SUMIF($J$4:$S$4,$T$4, J44:U44)+SUMIF($J$4:$S$4, $V$4, J44:U44)+SUMIF($J$4:$S$4, $X$4, J44:U44) -> 0 | G44: =E44+SUMIF($J$4:$S$4,$U$4, J44:S44)-SUMIF($J$4:$S$4, $V$4, J44:S44)+SUMIF($J$4:$S$4,$W$4, J44:S44)-SUMIF($J$4:$S$4, $X$4, J44:S44) -> 0 | H44: =G44-E44 -> 0
C45: 치료비 | E45: =SUMIF($J$4:$S$4,$T$4, J45:U45)+SUMIF($J$4:$S$4, $V$4, J45:U45)+SUMIF($J$4:$S$4, $X$4, J45:U45) -> 0 | G45: =E45+SUMIF($J$4:$S$4,$U$4, J45:S45)-SUMIF($J$4:$S$4, $V$4, J45:S45)+SUMIF($J$4:$S$4,$W$4, J45:S45)-SUMIF($J$4:$S$4, $X$4, J45:S45) -> 0 | H45: =G45-E45 -> 0
C46: 입원일당 | E46: =SUMIF($J$4:$S$4,$T$4, J46:U46)+SUMIF($J$4:$S$4, $V$4, J46:U46)+SUMIF($J$4:$S$4, $X$4, J46:U46) -> 0 | G46: =E46+SUMIF($J$4:$S$4,$U$4, J46:S46)-SUMIF($J$4:$S$4, $V$4, J46:S46)+SUMIF($J$4:$S$4,$W$4, J46:S46)-SUMIF($J$4:$S$4, $X$4, J46:S46) -> 0 | H46: =G46-E46 -> 0
A48: 수술비 | B48: 상해 | C48: 수술비 | E48: =SUMIF($J$4:$S$4,$T$4, J48:U48)+SUMIF($J$4:$S$4, $V$4, J48:U48)+SUMIF($J$4:$S$4, $X$4, J48:U48) -> 0 | F48: → | G48: =E48+SUMIF($J$4:$S$4,$U$4, J48:S48)-SUMIF($J$4:$S$4, $V$4, J48:S48)+SUMIF($J$4:$S$4,$W$4, J48:S48)-SUMIF($J$4:$S$4, $X$4, J48:S48) -> 0 | H48: =G48-E48 -> 0
C49: 1~3종수술비 | E49: =SUMIF($J$4:$S$4,$T$4, J49:U49)+SUMIF($J$4:$S$4, $V$4, J49:U49)+SUMIF($J$4:$S$4, $X$4, J49:U49) -> 0 | G49: =E49+SUMIF($J$4:$S$4,$U$4, J49:S49)-SUMIF($J$4:$S$4, $V$4, J49:S49)+SUMIF($J$4:$S$4,$W$4, J49:S49)-SUMIF($J$4:$S$4, $X$4, J49:S49) -> 0 | H49: =G49-E49 -> 0
C50: 1~5종수술비 | E50: =SUMIF($J$4:$S$4,$T$4, J50:U50)+SUMIF($J$4:$S$4, $V$4, J50:U50)+SUMIF($J$4:$S$4, $X$4, J50:U50) -> 0 | G50: =E50+SUMIF($J$4:$S$4,$U$4, J50:S50)-SUMIF($J$4:$S$4, $V$4, J50:S50)+SUMIF($J$4:$S$4,$W$4, J50:S50)-SUMIF($J$4:$S$4, $X$4, J50:S50) -> 0 | H50: =G50-E50 -> 0
C51: 1~7종수술비 | E51: =SUMIF($J$4:$S$4,$T$4, J51:U51)+SUMIF($J$4:$S$4, $V$4, J51:U51)+SUMIF($J$4:$S$4, $X$4, J51:U51) -> 0 | G51: =E51+SUMIF($J$4:$S$4,$U$4, J51:S51)-SUMIF($J$4:$S$4, $V$4, J51:S51)+SUMIF($J$4:$S$4,$W$4, J51:S51)-SUMIF($J$4:$S$4, $X$4, J51:S51) -> 0 | H51: =G51-E51 -> 0
B52: 질병 | C52: 수술비 | E52: =SUMIF($J$4:$S$4,$T$4, J52:U52)+SUMIF($J$4:$S$4, $V$4, J52:U52)+SUMIF($J$4:$S$4, $X$4, J52:U52) -> 0 | G52: =E52+SUMIF($J$4:$S$4,$U$4, J52:S52)-SUMIF($J$4:$S$4, $V$4, J52:S52)+SUMIF($J$4:$S$4,$W$4, J52:S52)-SUMIF($J$4:$S$4, $X$4, J52:S52) -> 0 | H52: =G52-E52 -> 0
C53: 1~3종수술비 | E53: =SUMIF($J$4:$S$4,$T$4, J53:U53)+SUMIF($J$4:$S$4, $V$4, J53:U53)+SUMIF($J$4:$S$4, $X$4, J53:U53) -> 0 | G53: =E53+SUMIF($J$4:$S$4,$U$4, J53:S53)-SUMIF($J$4:$S$4, $V$4, J53:S53)+SUMIF($J$4:$S$4,$W$4, J53:S53)-SUMIF($J$4:$S$4, $X$4, J53:S53) -> 0 | H53: =G53-E53 -> 0
C54: 1~5종수술비 | E54: =SUMIF($J$4:$S$4,$T$4, J54:U54)+SUMIF($J$4:$S$4, $V$4, J54:U54)+SUMIF($J$4:$S$4, $X$4, J54:U54) -> 0 | G54: =E54+SUMIF($J$4:$S$4,$U$4, J54:S54)-SUMIF($J$4:$S$4, $V$4, J54:S54)+SUMIF($J$4:$S$4,$W$4, J54:S54)-SUMIF($J$4:$S$4, $X$4, J54:S54) -> 0 | H54: =G54-E54 -> 0
C55: 1~7종수술비 | E55: =SUMIF($J$4:$S$4,$T$4, J55:U55)+SUMIF($J$4:$S$4, $V$4, J55:U55)+SUMIF($J$4:$S$4, $X$4, J55:U55) -> 0 | G55: =E55+SUMIF($J$4:$S$4,$U$4, J55:S55)-SUMIF($J$4:$S$4, $V$4, J55:S55)+SUMIF($J$4:$S$4,$W$4, J55:S55)-SUMIF($J$4:$S$4, $X$4, J55:S55) -> 0 | H55: =G55-E55 -> 0
C56: 대수술비 | E56: =SUMIF($J$4:$S$4,$T$4, J56:U56)+SUMIF($J$4:$S$4, $V$4, J56:U56)+SUMIF($J$4:$S$4, $X$4, J56:U56) -> 0 | G56: =E56+SUMIF($J$4:$S$4,$U$4, J56:S56)-SUMIF($J$4:$S$4, $V$4, J56:S56)+SUMIF($J$4:$S$4,$W$4, J56:S56)-SUMIF($J$4:$S$4, $X$4, J56:S56) -> 0 | H56: =G56-E56 -> 0
A57: 입원비 | B57: 상 해 입 원 | E57: =SUMIF($J$4:$S$4,$T$4, J57:U57)+SUMIF($J$4:$S$4, $V$4, J57:U57)+SUMIF($J$4:$S$4, $X$4, J57:U57) -> 0 | G57: =E57+SUMIF($J$4:$S$4,$U$4, J57:S57)-SUMIF($J$4:$S$4, $V$4, J57:S57)+SUMIF($J$4:$S$4,$W$4, J57:S57)-SUMIF($J$4:$S$4, $X$4, J57:S57) -> 0 | H57: =G57-E57 -> 0
B58: 질 병 입 원 | E58: =SUMIF($J$4:$S$4,$T$4, J58:U58)+SUMIF($J$4:$S$4, $V$4, J58:U58)+SUMIF($J$4:$S$4, $X$4, J58:U58) -> 0 | G58: =E58+SUMIF($J$4:$S$4,$U$4, J58:S58)-SUMIF($J$4:$S$4, $V$4, J58:S58)+SUMIF($J$4:$S$4,$W$4, J58:S58)-SUMIF($J$4:$S$4, $X$4, J58:S58) -> 0 | H58: =G58-E58 -> 0
A60: 상해 | B60: 골절진단비 | E60: =SUMIF($J$4:$S$4,$T$4, J60:U60)+SUMIF($J$4:$S$4, $V$4, J60:U60)+SUMIF($J$4:$S$4, $X$4, J60:U60) -> 0 | F60: → | G60: =E60+SUMIF($J$4:$S$4,$U$4, J60:S60)-SUMIF($J$4:$S$4, $V$4, J60:S60)+SUMIF($J$4:$S$4,$W$4, J60:S60)-SUMIF($J$4:$S$4, $X$4, J60:S60) -> 0 | H60: =G60-E60 -> 0
B61: 5대 골절진단비 | E61: =SUMIF($J$4:$S$4,$T$4, J61:U61)+SUMIF($J$4:$S$4, $V$4, J61:U61)+SUMIF($J$4:$S$4, $X$4, J61:U61) -> 0 | G61: =E61+SUMIF($J$4:$S$4,$U$4, J61:S61)-SUMIF($J$4:$S$4, $V$4, J61:S61)+SUMIF($J$4:$S$4,$W$4, J61:S61)-SUMIF($J$4:$S$4, $X$4, J61:S61) -> 0 | H61: =G61-E61 -> 0
B62: 화상치료비 | E62: =SUMIF($J$4:$S$4,$T$4, J62:U62)+SUMIF($J$4:$S$4, $V$4, J62:U62)+SUMIF($J$4:$S$4, $X$4, J62:U62) -> 0 | G62: =E62+SUMIF($J$4:$S$4,$U$4, J62:S62)-SUMIF($J$4:$S$4, $V$4, J62:S62)+SUMIF($J$4:$S$4,$W$4, J62:S62)-SUMIF($J$4:$S$4, $X$4, J62:S62) -> 0 | H62: =G62-E62 -> 0
B63: 깁스치료비 | E63: =SUMIF($J$4:$S$4,$T$4, J63:U63)+SUMIF($J$4:$S$4, $V$4, J63:U63)+SUMIF($J$4:$S$4, $X$4, J63:U63) -> 0 | G63: =E63+SUMIF($J$4:$S$4,$U$4, J63:S63)-SUMIF($J$4:$S$4, $V$4, J63:S63)+SUMIF($J$4:$S$4,$W$4, J63:S63)-SUMIF($J$4:$S$4, $X$4, J63:S63) -> 0 | H63: =G63-E63 -> 0
A64: 일상생활중배상책임 | E64: =SUMIF($J$4:$S$4,$T$4, J64:U64)+SUMIF($J$4:$S$4, $V$4, J64:U64)+SUMIF($J$4:$S$4, $X$4, J64:U64) -> 0 | G64: =E64+SUMIF($J$4:$S$4,$U$4, J64:S64)-SUMIF($J$4:$S$4, $V$4, J64:S64)+SUMIF($J$4:$S$4,$W$4, J64:S64)-SUMIF($J$4:$S$4, $X$4, J64:S64) -> 0 | H64: =G64-E64 -> 0
A65: 후유 장해 | B65: 상해후유장해 | E65: =SUMIF($J$4:$S$4,$T$4, J65:U65)+SUMIF($J$4:$S$4, $V$4, J65:U65)+SUMIF($J$4:$S$4, $X$4, J65:U65) -> 0 | G65: =E65+SUMIF($J$4:$S$4,$U$4, J65:S65)-SUMIF($J$4:$S$4, $V$4, J65:S65)+SUMIF($J$4:$S$4,$W$4, J65:S65)-SUMIF($J$4:$S$4, $X$4, J65:S65) -> 0 | H65: =G65-E65 -> 0
B66: 질병후유장해 | E66: =SUMIF($J$4:$S$4,$T$4, J66:U66)+SUMIF($J$4:$S$4, $V$4, J66:U66)+SUMIF($J$4:$S$4, $X$4, J66:U66) -> 0 | G66: =E66+SUMIF($J$4:$S$4,$U$4, J66:S66)-SUMIF($J$4:$S$4, $V$4, J66:S66)+SUMIF($J$4:$S$4,$W$4, J66:S66)-SUMIF($J$4:$S$4, $X$4, J66:S66) -> 0 | H66: =G66-E66 -> 0
A68: 사망 | B68: 일 반 사 망 | E68: =SUMIF($J$4:$S$4,$T$4, J68:U68)+SUMIF($J$4:$S$4, $V$4, J68:U68)+SUMIF($J$4:$S$4, $X$4, J68:U68) -> 0 | F68: → | G68: =E68+SUMIF($J$4:$S$4,$U$4, J68:S68)-SUMIF($J$4:$S$4, $V$4, J68:S68)+SUMIF($J$4:$S$4,$W$4, J68:S68)-SUMIF($J$4:$S$4, $X$4, J68:S68) -> 0 | H68: =G68-E68 -> 0
B69: └ 종 신 사 망 | E69: =SUMIF($J$4:$S$4,$T$4, J69:U69)+SUMIF($J$4:$S$4, $V$4, J69:U69)+SUMIF($J$4:$S$4, $X$4, J69:U69) -> 0 | G69: =E69+SUMIF($J$4:$S$4,$U$4, J69:S69)-SUMIF($J$4:$S$4, $V$4, J69:S69)+SUMIF($J$4:$S$4,$W$4, J69:S69)-SUMIF($J$4:$S$4, $X$4, J69:S69) -> 0
B70: └ 정 기 사 망 | E70: =SUMIF($J$4:$S$4,$T$4, J70:U70)+SUMIF($J$4:$S$4, $V$4, J70:U70)+SUMIF($J$4:$S$4, $X$4, J70:U70) -> 0 | G70: =E70+SUMIF($J$4:$S$4,$U$4, J70:S70)-SUMIF($J$4:$S$4, $V$4, J70:S70)+SUMIF($J$4:$S$4,$W$4, J70:S70)-SUMIF($J$4:$S$4, $X$4, J70:S70) -> 0
B71: 질 병 사 망 | E71: =E68+SUMIF($J$4:$S$4,$T$4, J71:U71)+SUMIF($J$4:$S$4, $V$4, J71:U71)+SUMIF($J$4:$S$4, $X$4, J71:U71) -> 0 | G71: =E71+SUMIF($J$4:$S$4,$U$4, J71:S71)+SUMIF($J$4:$S$4,$U$4, J68:S68)-SUMIF($J$4:$S$4, $V$4, J71:S71)-SUMIF($J$4:$S$4, $V$4, J68:S68)+SUMIF($J$4:$S$4,$W$4, J71:S71)+SUMIF($J$4:$S$4,$W$4, J68:S68)-SUMIF($J$4:$S$4, $X$4, J71:S71)-SUMIF($J$4:$S$4, $X$4, J68:S68) -> 0 | H71: =G71-E71 -> 0
B72: 상 해 사 망 | E72: =E68+SUMIF($J$4:$S$4,$T$4, J72:U72)+SUMIF($J$4:$S$4, $V$4, J72:U72)+SUMIF($J$4:$S$4, $X$4, J72:U72) -> 0 | G72: =E72+SUMIF($J$4:$S$4,$U$4, J72:S72)+SUMIF($J$4:$S$4,$U$4, J68:S68)-SUMIF($J$4:$S$4, $V$4, J72:S72)-SUMIF($J$4:$S$4, $V$4, J68:S68)+SUMIF($J$4:$S$4,$W$4, J72:S72)+SUMIF($J$4:$S$4,$W$4, J68:S68)-SUMIF($J$4:$S$4, $X$4, J72:S72)-SUMIF($J$4:$S$4, $X$4, J68:S68) -> 0 | H72: =G72-E72 -> 0
A74: 운전자 | B74: 벌금 | E74: =SUMIF($J$4:$S$4,$T$4, J74:U74)+SUMIF($J$4:$S$4, $V$4, J74:U74)+SUMIF($J$4:$S$4, $X$4, J74:U74) -> 0 | F74: → | G74: =E74+SUMIF($J$4:$S$4,$U$4, J74:S74)-SUMIF($J$4:$S$4, $V$4, J74:S74)+SUMIF($J$4:$S$4,$W$4, J74:S74)-SUMIF($J$4:$S$4, $X$4, J74:S74) -> 0 | H74: =G74-E74 -> 0
B75: 변호사선임비용 | E75: =SUMIF($J$4:$S$4,$T$4, J75:U75)+SUMIF($J$4:$S$4, $V$4, J75:U75)+SUMIF($J$4:$S$4, $X$4, J75:U75) -> 0 | G75: =E75+SUMIF($J$4:$S$4,$U$4, J75:S75)-SUMIF($J$4:$S$4, $V$4, J75:S75)+SUMIF($J$4:$S$4,$W$4, J75:S75)-SUMIF($J$4:$S$4, $X$4, J75:S75) -> 0 | H75: =G75-E75 -> 0
B76: 교통사고처리지원금 | E76: =SUMIF($J$4:$S$4,$T$4, J76:U76)+SUMIF($J$4:$S$4, $V$4, J76:U76)+SUMIF($J$4:$S$4, $X$4, J76:U76) -> 0 | G76: =E76+SUMIF($J$4:$S$4,$U$4, J76:S76)-SUMIF($J$4:$S$4, $V$4, J76:S76)+SUMIF($J$4:$S$4,$W$4, J76:S76)-SUMIF($J$4:$S$4, $X$4, J76:S76) -> 0 | H76: =G76-E76 -> 0
B77: 자동차부상치료비 | E77: =SUMIF($J$4:$S$4,$T$4, J77:U77)+SUMIF($J$4:$S$4, $V$4, J77:U77)+SUMIF($J$4:$S$4, $X$4, J77:U77) -> 0 | G77: =E77+SUMIF($J$4:$S$4,$U$4, J77:S77)-SUMIF($J$4:$S$4, $V$4, J77:S77)+SUMIF($J$4:$S$4,$W$4, J77:S77)-SUMIF($J$4:$S$4, $X$4, J77:S77) -> 0 | H77: =G77-E77 -> 0
A79: 화재 | B79: 화재벌금 | E79: =SUMIF($J$4:$S$4,$T$4, J79:U79)+SUMIF($J$4:$S$4, $V$4, J79:U79)+SUMIF($J$4:$S$4, $X$4, J79:U79) -> 0 | F79: → | G79: =E79+SUMIF($J$4:$S$4,$U$4, J79:S79)-SUMIF($J$4:$S$4, $V$4, J79:S79)+SUMIF($J$4:$S$4,$W$4, J79:S79)-SUMIF($J$4:$S$4, $X$4, J79:S79) -> 0 | H79: =G79-E79 -> 0
B80: 화재손해 | E80: =SUMIF($J$4:$S$4,$T$4, J80:U80)+SUMIF($J$4:$S$4, $V$4, J80:U80)+SUMIF($J$4:$S$4, $X$4, J80:U80) -> 0 | G80: =E80+SUMIF($J$4:$S$4,$U$4, J80:S80)-SUMIF($J$4:$S$4, $V$4, J80:S80)+SUMIF($J$4:$S$4,$W$4, J80:S80)-SUMIF($J$4:$S$4, $X$4, J80:S80) -> 0 | H80: =G80-E80 -> 0
B81: 화재배상책임 | E81: =SUMIF($J$4:$S$4,$T$4, J81:U81)+SUMIF($J$4:$S$4, $V$4, J81:U81)+SUMIF($J$4:$S$4, $X$4, J81:U81) -> 0 | G81: =E81+SUMIF($J$4:$S$4,$U$4, J81:S81)-SUMIF($J$4:$S$4, $V$4, J81:S81)+SUMIF($J$4:$S$4,$W$4, J81:S81)-SUMIF($J$4:$S$4, $X$4, J81:S81) -> 0 | H81: =G81-E81 -> 0
A83: 치매 | B83: 경증치매 | E83: =SUMIF($J$4:$S$4,$T$4, J83:U83)+SUMIF($J$4:$S$4, $V$4, J83:U83)+SUMIF($J$4:$S$4, $X$4, J83:U83) -> 0 | F83: → | G83: =E83+SUMIF($J$4:$S$4,$U$4, J83:S83)-SUMIF($J$4:$S$4, $V$4, J83:S83)+SUMIF($J$4:$S$4,$W$4, J83:S83)-SUMIF($J$4:$S$4, $X$4, J83:S83) -> 0 | H83: =G83-E83 -> 0
B84: 중등도치매 | E84: =E83+SUMIF($J$4:$S$4,$T$4, J84:U84)+SUMIF($J$4:$S$4, $V$4, J84:U84)+SUMIF($J$4:$S$4, $X$4, J84:U84) -> 0 | G84: =E84+SUMIF($J$4:$S$4,$U$4, J84:S84)+SUMIF($J$4:$S$4,$U$4, J83:S83)-SUMIF($J$4:$S$4, $V$4, J84:S84)-SUMIF($J$4:$S$4, $V$4, J83:S83)+SUMIF($J$4:$S$4,$W$4, J84:S84)+SUMIF($J$4:$S$4,$W$4, J83:S83)-SUMIF($J$4:$S$4, $X$4, J84:S84)-SUMIF($J$4:$S$4, $X$4, J83:S83) -> 0 | H84: =G84-E84 -> 0
B85: 중증치매 | E85: =E84+SUMIF($J$4:$S$4,$T$4, J85:U85)+SUMIF($J$4:$S$4, $V$4, J85:U85)+SUMIF($J$4:$S$4, $X$4, J85:U85) -> 0 | G85: =E85+SUMIF($J$4:$S$4,$U$4, J85:S85)+SUMIF($J$4:$S$4,$U$4, J84:S84)+SUMIF($J$4:$S$4,$U$4, J83:S83)-SUMIF($J$4:$S$4, $V$4, J85:S85)-SUMIF($J$4:$S$4, $V$4, J84:S84)-SUMIF($J$4:$S$4, $V$4, J83:S83)+SUMIF($J$4:$S$4,$W$4, J85:S85)+SUMIF($J$4:$S$4,$W$4, J84:S84)+SUMIF($J$4:$S$4,$W$4, J83:S83)-SUMIF($J$4:$S$4, $X$4, J85:S85)-SUMIF($J$4:$S$4, $X$4, J84:S84)-SUMIF($J$4:$S$4, $X$4, J83:S83) -> 0 | H85: =G85-E85 -> 0
A87: 장기요양 | B87: 경증등급(1~5급) | E87: =SUMIF($J$4:$S$4,$T$4, J87:U87)+SUMIF($J$4:$S$4, $V$4, J87:U87)+SUMIF($J$4:$S$4, $X$4, J87:U87) -> 0 | F87: → | G87: =E87+SUMIF($J$4:$S$4,$U$4, J87:S87)-SUMIF($J$4:$S$4, $V$4, J87:S87)+SUMIF($J$4:$S$4,$W$4, J87:S87)-SUMIF($J$4:$S$4, $X$4, J87:S87) -> 0 | H87: =G87-E87 -> 0
B88: 중증등급(1~2급) | E88: =E87+SUMIF($J$4:$S$4,$T$4, J88:U88)+SUMIF($J$4:$S$4, $V$4, J88:U88)+SUMIF($J$4:$S$4, $X$4, J88:U88) -> 0 | G88: =E88+SUMIF($J$4:$S$4,$U$4, J88:S88)+SUMIF($J$4:$S$4,$U$4, J87:S87)-SUMIF($J$4:$S$4, $V$4, J88:S88)-SUMIF($J$4:$S$4, $V$4, J87:S87)+SUMIF($J$4:$S$4,$W$4, J88:S88)+SUMIF($J$4:$S$4,$W$4, J87:S87)-SUMIF($J$4:$S$4, $X$4, J88:S88)-SUMIF($J$4:$S$4, $X$4, J87:S87) -> 0 | H88: =G88-E88 -> 0

Sheet 보장분석 컨설팅
A2: VIP고객님의 보장분석 컨설팅
A4: ※ point
A5: 1. 월/전체 보험료 절감
A6: 2. 3대진단비/수술비 보장확대
A7: 1) 기존: 암진단비 1.6억(갱신포함 )/ 뇌혈관 1천(갱신) / 허혈성 1천(갱신) / 2대수술비 1천(갱신)
A8: 2) 변경: 암진단비 1.5억(비갱신) / 뇌혈관 2천 / 허혈성 2천 / 2대수술비 각 2천
A9: 3. 수술비 보장 확대
A10: 1) 기존: 질병수술비 2십 / 질병종수술비 6백 / 상해종수술비 16백
A11: 2) 변경: 질병수술비 3십 / 질병종수술비 11백 / 상해종수술비 21백
A12: 4. 치매보험의 패러다임 변경 및 사망시 보험금 지급 상품으로 변경
A13: 5. 표적항암 1천 + 항암방사선 3백 + 항암약물 3백 추가
E14: 컨설팅전 | F14: 컨설팅후
A16: 월 보험료 | E16: ='통합보장 분석(후)'!E10 -> 0 | F16: ='통합보장 분석(후)'!G10 -> 0 | G16: =F16-E16 -> 0
A17: 갱신 예상 전체보험료 | E17: ='통합보장 분석(후)'!E11 -> 0 | F17: ='통합보장 분석(후)'!G11 -> 0
A18: 전체 보험료 | E18: ='통합보장 분석(후)'!E12 -> 0 | F18: ='통합보장 분석(후)'!G12 -> 0
A19: 납입완료 | E19: ='통합보장 분석(후)'!E13 -> 0 | F19: ='통합보장 분석(후)'!G13 -> 0
A20: ㅗ | E20: ='통합보장 분석(후)'!E14 -> 0 | F20: ='통합보장 분석(후)'!G14 -> 0
A21: 갱신 예상 절감 금액 | E21: =F17-E17 -> 0
A22: 절감 금액 | E22: =F18-E18 -> 0
A24: 3대 질병 | B24: 암 | C24: 고액암 | E24: ='통합보장 분석(후)'!E22 -> 0 | F24: ='통합보장 분석(후)'!G22 -> 0 | G24: =F24-E24 -> 0
C25: 일반암 | E25: ='통합보장 분석(후)'!E23 -> 0 | F25: ='통합보장 분석(후)'!G23 -> 0 | G25: =F25-E25 -> 0
C26: 일반암(소액·대장점막제외) | E26: ='통합보장 분석(후)'!E24 -> 0 | F26: ='통합보장 분석(후)'!G24 -> 0 | G26: =F26-E26 -> 0
C27: 일반암(소액암제외) | E27: ='통합보장 분석(후)'!E25 -> 0 | F27: ='통합보장 분석(후)'!G25 -> 0 | G27: =F27-E27 -> 0
C28: 중대한암 | E28: ='통합보장 분석(후)'!E26 -> 0 | F28: ='통합보장 분석(후)'!G26 -> 0 | G28: =F28-E28 -> 0
C29: 소액암(생식기암) | E29: ='통합보장 분석(후)'!E27 -> 0 | F29: ='통합보장 분석(후)'!G27 -> 0 | G29: =F29-E29 -> 0
C30: 소액암 | E30: ='통합보장 분석(후)'!E28 -> 0 | F30: ='통합보장 분석(후)'!G28 -> 0 | G30: =F30-E30 -> 0
C31: 수술비 | E31: ='통합보장 분석(후)'!E29 -> 0 | F31: ='통합보장 분석(후)'!G29 -> 0 | G31: =F31-E31 -> 0
C32: 항암치료/표적항암 | E32: ='통합보장 분석(후)'!E30 -> 0 | F32: ='통합보장 분석(후)'!G30 -> 0 | G32: =F32-E32 -> 0
C33: 암주요치료비 | E33: ='통합보장 분석(후)'!E31 -> 0 | F33: ='통합보장 분석(후)'!G31 -> 0
C34: 입원일당 | E34: ='통합보장 분석(후)'!E32 -> 0 | F34: ='통합보장 분석(후)'!G32 -> 0 | G34: =F34-E34 -> 0
B35: 심장 | C35: 심혈관 | E35: ='통합보장 분석(후)'!E33 -> 0 | F35: ='통합보장 분석(후)'!G33 -> 0 | G35: =F35-E35 -> 0
C36: 허혈성심장질환 | E36: ='통합보장 분석(후)'!E34 -> 0 | F36: ='통합보장 분석(후)'!G34 -> 0 | G36: =F36-E36 -> 0
C37: 급성심근경색 | E37: ='통합보장 분석(후)'!E35 -> 0 | F37: ='통합보장 분석(후)'!G35 -> 0 | G37: =F37-E37 -> 0
C38: 중대한급성심근경색 | E38: ='통합보장 분석(후)'!E36 -> 0 | F38: ='통합보장 분석(후)'!G36 -> 0 | G38: =F38-E38 -> 0
C39: 수술비 | E39: ='통합보장 분석(후)'!E37 -> 0 | F39: ='통합보장 분석(후)'!G37 -> 0 | G39: =F39-E39 -> 0
C40: 치료비 | E40: ='통합보장 분석(후)'!E38 -> 0
C41: 입원일당 | E41: ='통합보장 분석(후)'!E39 -> 0 | F41: ='통합보장 분석(후)'!G39 -> 0 | G41: =F41-E41 -> 0
B42: 뇌 | C42: 뇌혈관 | E42: ='통합보장 분석(후)'!E40 -> 0 | F42: ='통합보장 분석(후)'!G40 -> 0 | G42: =F42-E42 -> 0
C43: 뇌졸중 | E43: ='통합보장 분석(후)'!E41 -> 0 | F43: ='통합보장 분석(후)'!G41 -> 0 | G43: =F43-E43 -> 0
C44: 뇌출혈 | E44: ='통합보장 분석(후)'!E42 -> 0 | F44: ='통합보장 분석(후)'!G42 -> 0 | G44: =F44-E44 -> 0
C45: 중대한뇌졸중 | E45: ='통합보장 분석(후)'!E43 -> 0 | F45: ='통합보장 분석(후)'!G43 -> 0 | G45: =F45-E45 -> 0
C46: 수술비 | E46: ='통합보장 분석(후)'!E44 -> 0 | F46: ='통합보장 분석(후)'!G44 -> 0 | G46: =F46-E46 -> 0
C47: 치료비 | E47: ='통합보장 분석(후)'!E45 -> 0
C48: 입원일당 | E48: ='통합보장 분석(후)'!E46 -> 0 | F48: ='통합보장 분석(후)'!G46 -> 0 | G48: =F48-E48 -> 0
G49: =F49-E49 -> 0
A50: 수술비 | B50: 상해 | C50: 수술비 | E50: ='통합보장 분석(후)'!E48 -> 0 | F50: ='통합보장 분석(후)'!G48 -> 0 | G50: =F50-E50 -> 0
C51: 1~3종수술비 | E51: ='통합보장 분석(후)'!E49 -> 0 | F51: ='통합보장 분석(후)'!G49 -> 0 | G51: =F51-E51 -> 0
C52: 1~5종수술비 | E52: ='통합보장 분석(후)'!E50 -> 0 | F52: ='통합보장 분석(후)'!G50 -> 0 | G52: =F52-E52 -> 0
C53: 1~7종수술비 | E53: ='통합보장 분석(후)'!E51 -> 0 | F53: ='통합보장 분석(후)'!G51 -> 0 | G53: =F53-E53 -> 0
B54: 질병 | C54: 수술비 | E54: ='통합보장 분석(후)'!E52 -> 0 | F54: ='통합보장 분석(후)'!G52 -> 0 | G54: =F54-E54 -> 0
C55: 1~3종수술비 | E55: ='통합보장 분석(후)'!E53 -> 0 | F55: ='통합보장 분석(후)'!G53 -> 0 | G55: =F55-E55 -> 0
C56: 1~5종수술비 | E56: ='통합보장 분석(후)'!E54 -> 0 | F56: ='통합보장 분석(후)'!G54 -> 0 | G56: =F56-E56 -> 0
C57: 1~7종수술비 | E57: ='통합보장 분석(후)'!E55 -> 0 | F57: ='통합보장 분석(후)'!G55 -> 0 | G57: =F57-E57 -> 0
C58: 대수술비 | E58: ='통합보장 분석(후)'!E56 -> 0 | F58: ='통합보장 분석(후)'!G56 -> 0 | G58: =F58-E58 -> 0
A59: 입원비 | B59: 상 해 입 원 | E59: ='통합보장 분석(후)'!E57 -> 0 | F59: ='통합보장 분석(후)'!G57 -> 0 | G59: =F59-E59 -> 0
B60: 질 병 입 원 | E60: ='통합보장 분석(후)'!E58 -> 0 | F60: ='통합보장 분석(후)'!G58 -> 0 | G60: =F60-E60 -> 0
G61: =F61-E61 -> 0
A62: 상해 | B62: 골절진단비 | E62: ='통합보장 분석(후)'!E60 -> 0 | F62: ='통합보장 분석(후)'!G60 -> 0 | G62: =F62-E62 -> 0
B63: 5대 골절진단비 | E63: ='통합보장 분석(후)'!E61 -> 0 | F63: ='통합보장 분석(후)'!G61 -> 0 | G63: =F63-E63 -> 0
B64: 화상치료비 | E64: ='통합보장 분석(후)'!E62 -> 0 | F64: ='통합보장 분석(후)'!G62 -> 0 | G64: =F64-E64 -> 0
B65: 깁스치료비 | E65: ='통합보장 분석(후)'!E63 -> 0 | F65: ='통합보장 분석(후)'!G63 -> 0 | G65: =F65-E65 -> 0
A66: 일상생활중배상책임 | E66: ='통합보장 분석(후)'!E64 -> 0 | F66: ='통합보장 분석(후)'!G64 -> 0 | G66: =F66-E66 -> 0
A67: 후유 장해 | B67: 상해후유장해 | E67: ='통합보장 분석(후)'!E65 -> 0 | F67: ='통합보장 분석(후)'!G65 -> 0 | G67: =F67-E67 -> 0
B68: 질병후유장해 | E68: ='통합보장 분석(후)'!E66 -> 0 | F68: ='통합보장 분석(후)'!G66 -> 0 | G68: =F68-E68 -> 0
G69: =F69-E69 -> 0
A70: 사망 | B70: 일 반 사 망 | E70: ='통합보장 분석(후)'!E68 -> 0 | F70: ='통합보장 분석(후)'!G68 -> 0 | G70: =F70-E70 -> 0
B71: 질 병 사 망 | E71: ='통합보장 분석(후)'!E71 -> 0 | F71: ='통합보장 분석(후)'!G71 -> 0 | G71: =F71-E71 -> 0
B72: 상 해 사 망 | E72: ='통합보장 분석(후)'!E72 -> 0 | F72: ='통합보장 분석(후)'!G72 -> 0 | G72: =F72-E72 -> 0
G73: =F73-E73 -> 0
A74: 운전자 | B74: 벌금 | E74: ='통합보장 분석(후)'!E74 -> 0 | F74: ='통합보장 분석(후)'!G74 -> 0 | G74: =F74-E74 -> 0
B75: 변호사선임비용 | E75: ='통합보장 분석(후)'!E75 -> 0 | F75: ='통합보장 분석(후)'!G75 -> 0 | G75: =F75-E75 -> 0
B76: 교통사고처리지원금 | E76: ='통합보장 분석(후)'!E76 -> 0 | F76: ='통합보장 분석(후)'!G76 -> 0 | G76: =F76-E76 -> 0
B77: 자동차부상치료비 | E77: ='통합보장 분석(후)'!E77 -> 0 | F77: ='통합보장 분석(후)'!G77 -> 0 | G77: =F77-E77 -> 0
G78: =F78-E78 -> 0
A79: 화재 | B79: 화재벌금 | E79: ='통합보장 분석(후)'!E79 -> 0 | F79: ='통합보장 분석(후)'!G79 -> 0 | G79: =F79-E79 -> 0
B80: 화재손해 | E80: ='통합보장 분석(후)'!E80 -> 0 | F80: ='통합보장 분석(후)'!G80 -> 0 | G80: =F80-E80 -> 0
B81: 화재배상책임 | E81: ='통합보장 분석(후)'!E81 -> 0 | F81: ='통합보장 분석(후)'!G81 -> 0 | G81: =F81-E81 -> 0

Sheet 태아보험 보험료 비교(100세)
A1: VIP 고객님 태아보험 컨설팅
B8: ✔ 단독실손
A9: - | B9: 출생 전 : | C9: 14210
A10: - | B10: 출생 후 : | C10: 21560
A11: ▷태아실손은 출생시점이 제일 비싸고 이후 갱신시 계속 저렴해집니다.
B13: ✔ 어린이보험 | D13: 100세만기
A14: - | B14: 출생 전 : | C14: 7289
A15: - | B15: 출생 후 : | C15: 89010
B17: ✔ 어린이보험 | D17: 20년만기 | E17: 해지 예정
A18: - | B18: 출생 전 : | C18: 49320
A19: - | B19: 출생 후 : | C19: 28930 | D19: (1년이내)
A20: - | B20: 출생 후 : | C20: 14245 | D20: (1년이후)
A22: ▷모든 설계 내용은 남아 기준으로 설계되있어 여아인 경우 보험료가 인하됩니다.
B25: ▣ 출생 전 합계 : | D25: =C9+C14+C18 -> 70819 | G25: 실손 제외 합계
B26: ▣ 출생 후 합계 : | D26: =C10+C15+C19 -> 139500 | E26: (1년이내) | F26: → | G26: =D26-C10 -> 117940
D27: =C10+C15+C20 -> 124815 | E27: (1년이후) | G27: =D27-C10 -> 103255
D28: =C10+C15 -> 110570 | E28: (3살이후) | G28: =D28-C10 -> 89010
A29: ＊위 보험료는 실손 인하를 고려하지 않은 보험료로 실제 보험료는 더 저렴합니다.
A31: ▷실손보험료 점점 줄어듦
A32: ▷여아인 경우 보험료 줄어듦
A33: ▷태아특약 1년 만기 후 보험료 줄어듦
A34: ▷3살 이후 입원일당 삭제시 보험료 줄어듦
A36: ▶출생시점이 제일 비싸고 이후 계속 보험료가 저렴해집니다^^

Sheet 태아보험 보험료 비교(30세)
A1: VIP 고객님 태아보험 컨설팅
B8: ✔ 단독실손
A9: - | B9: 출생 전 : | C9: 14210
A10: - | B10: 출생 후 : | C10: 21560
A11: ▷태아실손은 출생시점이 제일 비싸고 이후 갱신시 계속 저렴해집니다.
B13: ✔ 어린이보험 | D13: 100세만기
A14: - | B14: 출생 전 :
A15: - | B15: 출생 후 :
B17: ✔ 어린이보험 | D17: 30세만기
A18: - | B18: 출생 전 : | C18: 72440
A19: - | B19: 출생 후 : | C19: 64950 | D19: (1년 이내)
A20: - | B20: 출생 후 : | C20: 52024 | D20: (1년 이후)
A21: - | B21: 출생 후 : | C21: 37955 | D21: (3살 이후)
A23: ▷모든 설계 내용은 남아 기준으로 설계되있어 여아인 경우 보험료가 인하됩니다.
B26: ▣ 출생 전 합계 : | D26: =C9+C14+C18 -> 86650 | G26: 실손 제외 합계
B27: ▣ 출생 후 합계 : | D27: =C10+C15+C19 -> 86510 | E27: (1년이내) | F27: → | G27: =D27-C10 -> 64950
D28: =C10+C15+C20 -> 73584 | E28: (1년이후) | G28: =D28-C10 -> 52024
D29: =C10+C21 -> 59515 | E29: (3살이후) | G29: =D29-C10 -> 37955
A31: ＊위 보험료는 실손 인하를 고려하지 않은 보험료로 실제 보험료는 더 저렴합니다.
A33: ▷실손보험료 점점 줄어듦
A34: ▷여아인 경우 보험료 줄어듦
A35: ▷태아특약 1년 만기 후 보험료 줄어듦
A36: ▷3살 이후 입원일당 삭제시 보험료 줄어듦
A38: ▶출생시점이 제일 비싸고 이후 계속 보험료가 저렴해집니다^^

Sheet 태아보험 보험기간
B2: 태아보험의 보험기간
B12: 장점 | G12: 장점
B14: 보험료 저렴 | G14: 한번 가입으로 100세까지 보장
G15: - 좋은 보장들을 끝까지 유지
G16: - 무해지 (30%할인) 적용 가능
B18: 단점 | G18: 단점
B20: 30세 시점에 보험 재가입 | G20: 보험료 비쌈
B21: - 30세부터 다시 20년 납입(총 40년납) | G21: - 30세 대비 3배 이상 비쌈 무해지 (30%할인) 적용시 실제 2배 정도 차이
B22: - 30세 나이로 20년(태아 대비 보험료 2배 이상↑)
B24: 과거 병력에 따라 재가입 불가
B25: - 계약전환제도 기능(30세 시점 100세 만기로 변경)
B26: - 30세부터 다시 20년 납입(총 40년납)
B27: - 무해지 (30%할인) 불가능
B32: 각 가정의 경제상황, 여력에 따라 30세 또는 100세 만기 결정
B34: 무해지환급형(표준형 대비 보험료 30%할인) 으로 적용시 30세 만기와 100세 만기의 보험료 차이가 크지 않아 납입여력이 가능한 경우 100세 만기 권고 (30세 만기는 표준형/무해지환급형不)

Sheet 1건 보험료비교(100세, 90세, 납기별)
A1: VIP고객님 컨설팅
A2: DB손해 어린이 | I2: 합계보험료
B3: 100세 만기 | C3: 총납입보험료 | D3: 비고 | E3: 합계보험료 | F3: 90세 만기 | G3: 총납입보험료 | H3: 비고 | K3: D3, H3 '비고' 숨기기 있음
A4: 20년납 | B4: 78970 | C4: =B4*240 -> 18952800 | D4: 유사암 700만원 | E4: =B4+$B$9 -> 94827 | F4: 112560 | G4: =F4*240 -> 27014400 | H4: 유사암 700만원 | I4: =F4+$B$9 -> 128417
A5: 25년납 | B5: 69000 | C5: =B5*300 -> 20700000 | D5: 유사암 600만원 | E5: =B5+$B$9 -> 84857 | F5: 99770 | G5: =F5*300 -> 29931000 | H5: 유사암 700만원 | I5: =F5+$B$9 -> 115627
A6: 30년납 | B6: 62510 | C6: =B6*360 -> 22503600 | D6: 유사암 600만원 | E6: =B6+$B$9 -> 78367 | F6: 91770 | G6: =F6*360 -> 33037200 | H6: 유사암 600만원 | I6: =F6+$B$9 -> 107627
A8: 기존 계약사항
A9: 한화 실손 | B9: 15857

Sheet 2건 보험료비교(납기별)
A1: VIP고객님 컨설팅
B2: 흥국 어린이 | E2: 농협 어린이 | H2: 합계보험료
B3: 보험료 | C3: 총납입보험료 | D3: 비고 | E3: 보험료 | F3: 총납입보험료 | G3: 비고 | J3: E3, G3 '비고' 숨기기 있음
A4: 20년납 | B4: 91270 | C4: =B4*240 -> 21904800 | E4: 50000 | F4: =E4*240 -> 12000000 | H4: =B9+B10+B4+E4 -> 190916
A5: 25년납 | B5: 81700 | C5: =B5*300 -> 24510000 | E5: 42000 | F5: =E5*300 -> 12600000 | H5: =B9+B10+B5+E5 -> 173346
A6: 30년납 | B6: 77530 | C6: =B6*360 -> 27910800 | E6: 38000 | F6: =E6*360 -> 13680000 | H6: =B9+B10+B6+E6 -> 165176
A8: 기존 계약사항
A9: A보험 | B9: 14181
A10: B보험 | B10: 35465
A11: C보험
A12: D보험

Sheet 2건 보험료비교(납기별, 100세, 90세)
A1: VIP고객님 컨설팅
B2: 흥국 어린이 | G2: 농협 어린이 | L2: 합계보험료 100세 만기 | M2: 합계보험료 90세 만기
B3: 100세 만기 | C3: 총납입보험료 | D3: 90세 만기 | E3: 총납입보험료 | F3: 비고 | G3: 100세 만기 | H3: 총납입보험료 | I3: 90세만기 | J3: 총납입보험료 | K3: 비고 | O3: F4, K4 '비고' 숨기기 있음
A4: 20년납 | B4: 100000 | C4: =B4*240 -> 24000000 | D4: 95000 | E4: =D4*240 -> 22800000 | G4: 41731 | H4: =G4*240 -> 10015440 | I4: 41731 | J4: =I4*240 -> 10015440 | L4: =$B$9+$B$10+$B$11+$B$12+$B$13+B4+G4 -> 141731 | M4: =$B$9+$B$10+$B$11+$B$12+$B$13+D4+I4 -> 136731
A5: 25년납 | B5: 90000 | C5: =B5*300 -> 27000000 | D5: 85000 | E5: =D5*300 -> 25500000 | G5: 33321 | H5: =G5*300 -> 9996300 | I5: 33321 | J5: =I5*300 -> 9996300 | L5: =$B$9+$B$10+$B$11+$B$12+$B$13+B5+G5 -> 123321 | M5: =$B$9+$B$10+$B$11+$B$12+$B$13+D5+I5 -> 118321
A6: 30년납 | B6: 80000 | C6: =B6*360 -> 28800000 | D6: 75000 | E6: =D6*360 -> 27000000 | G6: 27949 | H6: =G6*360 -> 10061640 | I6: 27949 | J6: =I6*360 -> 10061640 | L6: =$B$9+$B$10+$B$11+$B$12+$B$13+B6+G6 -> 107949 | M6: =$B$9+$B$10+$B$11+$B$12+$B$13+D6+I6 -> 102949
A8: 기존 계약사항
A9: A보험
A10: B보험
A11: C보험
A12: D보험
A13: E보험
